id,grado,es_ego,ego_red,num_ego_redes,circulo_real
58,12,False,107,4,107_circle3
136,133,False,1912,2,1912_circle1
428,115,False,107,4,107_circle3
563,91,False,107,4,107_circle1
1465,108,False,107,2,sin_circulo
1577,170,False,107,2,sin_circulo
1718,155,False,107,2,sin_circulo
1912,755,True,1912,1,sin_circulo
1913,19,False,1912,1,1912_circle36
1914,47,False,1912,1,1912_circle1
1915,11,False,1912,1,1912_circle15
1916,79,False,1912,1,sin_circulo
1917,190,False,1912,1,1912_circle20
1918,161,False,1912,1,1912_circle20
1919,55,False,1912,1,1912_circle1
1920,123,False,1912,1,1912_circle38
1921,40,False,1912,1,1912_circle1
1922,15,False,1912,1,1912_circle15
1923,56,False,1912,1,1912_circle6
1924,6,False,1912,1,sin_circulo
1925,125,False,1912,1,1912_circle20
1926,134,False,1912,1,1912_circle41
1927,55,False,1912,1,1912_circle1
1928,23,False,1912,1,1912_circle1
1929,151,False,1912,1,1912_circle20
1930,13,False,1912,1,1912_circle41
1931,39,False,1912,1,1912_circle1
1932,95,False,1912,1,1912_circle38
1933,11,False,1912,1,1912_circle41
1934,12,False,1912,1,1912_circle41
1935,50,False,1912,1,1912_circle1
1936,22,False,1912,1,1912_circle41
1937,4,False,1912,1,1912_circle41
1938,189,False,1912,1,1912_circle20
1939,79,False,1912,1,1912_circle21
1940,93,False,1912,1,sin_circulo
1941,223,False,1912,1,1912_circle0
1942,39,False,1912,1,1912_circle20
1943,192,False,1912,1,1912_circle20
1944,29,False,1912,1,1912_circle41
1945,146,False,1912,1,1912_circle38
1946,191,False,1912,1,1912_circle20
1947,120,False,1912,1,1912_circle6
1948,108,False,1912,1,1912_circle38
1949,8,False,1912,1,1912_circle15
1950,12,False,1912,1,1912_circle1
1951,64,False,1912,1,1912_circle1
1952,17,False,1912,1,1912_circle23
1953,123,False,1912,1,1912_circle20
1954,93,False,1912,1,1912_circle1
1955,92,False,1912,1,1912_circle38
1956,8,False,1912,1,1912_circle13
1957,39,False,1912,1,1912_circle31
1958,34,False,1912,1,1912_circle31
1959,120,False,1912,1,1912_circle5
1960,43,False,1912,1,1912_circle41
1961,7,False,1912,1,1912_circle34
1962,187,False,1912,1,1912_circle20
1963,86,False,1912,1,1912_circle20
1964,96,False,1912,1,1912_circle11
1965,20,False,1912,1,1912_circle41
1966,172,False,1912,1,1912_circle20
1967,2,False,1912,1,1912_circle21
1968,35,False,1912,1,1912_circle1
1969,4,False,1912,1,1912_circle20
1970,72,False,1912,1,1912_circle21
1971,176,False,1912,1,1912_circle20
1972,70,False,1912,1,1912_circle31
1973,65,False,1912,1,1912_circle31
1974,7,False,1912,1,1912_circle45
1975,36,False,1912,1,1912_circle41
1976,39,False,1912,1,1912_circle1
1977,9,False,1912,1,1912_circle36
1978,15,False,1912,1,1912_circle41
1979,176,False,1912,1,1912_circle20
1980,57,False,1912,1,1912_circle31
1981,55,False,1912,1,1912_circle21
1982,19,False,1912,1,sin_circulo
1983,199,False,1912,1,1912_circle20
1984,178,False,1912,1,1912_circle20
1985,224,False,1912,1,1912_circle10
1986,153,False,1912,1,1912_circle20
1987,36,False,1912,1,1912_circle29
1988,24,False,1912,1,1912_circle27
1989,87,False,1912,1,1912_circle20
1990,20,False,1912,1,1912_circle41
1991,49,False,1912,1,1912_circle1
1992,15,False,1912,1,1912_circle27
1993,203,False,1912,1,1912_circle20
1994,64,False,1912,1,1912_circle38
1995,63,False,1912,1,1912_circle1
1996,4,False,1912,1,1912_circle15
1997,135,False,1912,1,1912_circle20
1998,54,False,1912,1,1912_circle1
1999,34,False,1912,1,1912_circle1
2000,33,False,1912,1,1912_circle1
2001,60,False,1912,1,1912_circle1
2002,85,False,1912,1,1912_circle21
2003,48,False,1912,1,1912_circle21
2004,50,False,1912,1,1912_circle1
2005,155,False,1912,1,1912_circle20
2006,52,False,1912,1,1912_circle1
2007,171,False,1912,1,1912_circle20
2008,7,False,1912,1,1912_circle41
2009,45,False,1912,1,1912_circle1
2010,84,False,1912,1,1912_circle36
2011,40,False,1912,1,1912_circle1
2012,15,False,1912,1,1912_circle1
2013,9,False,1912,1,1912_circle41
2014,10,False,1912,1,1912_circle1
2015,5,False,1912,1,1912_circle1
2016,18,False,1912,1,1912_circle1
2017,7,False,1912,1,1912_circle15
2018,55,False,1912,1,1912_circle1
2019,19,False,1912,1,1912_circle20
2020,158,False,1912,1,1912_circle1
2021,31,False,1912,1,1912_circle20
2022,50,False,1912,1,1912_circle1
2023,25,False,1912,1,1912_circle15
2024,53,False,1912,1,1912_circle1
2025,30,False,1912,1,1912_circle1
2026,96,False,1912,1,1912_circle5
2027,44,False,1912,1,1912_circle1
2028,106,False,1912,1,1912_circle38
2029,34,False,1912,1,1912_circle41
2030,187,False,1912,1,1912_circle20
2031,53,False,1912,1,1912_circle11
2032,147,False,1912,1,1912_circle38
2033,173,False,1912,1,1912_circle20
2034,8,False,1912,1,1912_circle10
2035,30,False,1912,1,1912_circle41
2036,21,False,1912,1,1912_circle36
2037,173,False,1912,1,1912_circle20
2038,123,False,1912,1,1912_circle11
2039,112,False,1912,1,1912_circle38
2040,152,False,1912,1,1912_circle20
2041,8,False,1912,1,1912_circle15
2042,96,False,1912,1,1912_circle10
2043,174,False,1912,1,1912_circle20
2044,25,False,1912,1,sin_circulo
2045,176,False,1912,1,1912_circle20
2046,123,False,1912,1,1912_circle3
2047,205,False,1912,1,1912_circle0
2048,17,False,1912,1,1912_circle20
2049,37,False,1912,1,1912_circle41
2050,23,False,1912,1,sin_circulo
2051,9,False,1912,1,1912_circle36
2052,106,False,1912,1,1912_circle8
2053,115,False,1912,1,1912_circle21
2054,163,False,1912,1,1912_circle21
2055,73,False,1912,1,1912_circle20
2056,115,False,1912,1,1912_circle20
2057,42,False,1912,1,1912_circle29
2058,76,False,1912,1,sin_circulo
2059,193,False,1912,1,1912_circle3
2060,106,False,1912,1,1912_circle20
2061,48,False,1912,1,1912_circle31
2062,76,False,1912,1,1912_circle15
2063,141,False,1912,1,1912_circle20
2064,186,False,1912,1,1912_circle20
2065,26,False,1912,1,1912_circle36
2066,9,False,1912,1,1912_circle36
2067,33,False,1912,1,1912_circle20
2068,141,False,1912,1,1912_circle38
2069,168,False,1912,1,1912_circle20
2070,13,False,1912,1,1912_circle41
2071,123,False,1912,1,1912_circle38
2072,129,False,1912,1,1912_circle21
2073,195,False,1912,1,1912_circle20
2074,162,False,1912,1,1912_circle20
2075,48,False,1912,1,1912_circle21
2076,17,False,1912,1,1912_circle27
2077,126,False,1912,1,1912_circle20
2078,204,False,1912,1,1912_circle20
2079,1,False,1912,1,sin_circulo
2080,9,False,1912,1,1912_circle41
2081,172,False,1912,1,1912_circle17
2082,18,False,1912,1,1912_circle36
2083,147,False,1912,1,1912_circle20
2084,141,False,1912,1,1912_circle20
2085,30,False,1912,1,1912_circle41
2086,136,False,1912,1,1912_circle20
2087,156,False,1912,1,1912_circle38
2088,198,False,1912,1,1912_circle20
2089,23,False,1912,1,1912_circle41
2090,189,False,1912,1,1912_circle20
2091,34,False,1912,1,1912_circle41
2092,43,False,1912,1,1912_circle20
2093,177,False,1912,1,1912_circle20
2094,7,False,1912,1,1912_circle0
2095,154,False,1912,1,1912_circle20
2096,21,False,1912,1,1912_circle10
2097,38,False,1912,1,1912_circle1
2098,117,False,1912,1,1912_circle12
2099,16,False,1912,1,1912_circle8
2100,6,False,1912,1,1912_circle16
2101,71,False,1912,1,1912_circle21
2102,132,False,1912,1,1912_circle38
2103,184,False,1912,1,1912_circle20
2104,181,False,1912,1,1912_circle20
2105,11,False,1912,1,1912_circle41
2106,4,False,1912,1,1912_circle24
2107,37,False,1912,1,sin_circulo
2108,164,False,1912,1,1912_circle3
2109,135,False,1912,1,1912_circle20
2110,43,False,1912,1,1912_circle21
2111,184,False,1912,1,1912_circle10
2112,160,False,1912,1,1912_circle20
2113,10,False,1912,1,1912_circle16
2114,15,False,1912,1,1912_circle15
2115,136,False,1912,1,1912_circle20
2116,65,False,1912,1,1912_circle1
2117,142,False,1912,1,1912_circle38
2118,188,False,1912,1,1912_circle20
2119,15,False,1912,1,1912_circle41
2120,23,False,1912,1,1912_circle15
2121,158,False,1912,1,1912_circle20
2122,146,False,1912,1,1912_circle20
2123,203,False,1912,1,1912_circle20
2124,169,False,1912,1,1912_circle20
2125,121,False,1912,1,1912_circle7
2126,54,False,1912,1,1912_circle34
2127,112,False,1912,1,1912_circle38
2128,92,False,1912,1,1912_circle33
2129,38,False,1912,1,1912_circle36
2130,11,False,1912,1,1912_circle36
2131,198,False,1912,1,1912_circle20
2132,94,False,1912,1,1912_circle21
2133,159,False,1912,1,1912_circle11
2134,85,False,1912,1,1912_circle6
2135,88,False,1912,1,1912_circle38
2136,74,False,1912,1,1912_circle20
2137,49,False,1912,1,1912_circle12
2138,138,False,1912,1,1912_circle38
2139,178,False,1912,1,1912_circle20
2140,171,False,1912,1,1912_circle20
2141,24,False,1912,1,1912_circle41
2142,221,False,1912,1,1912_circle10
2143,102,False,1912,1,1912_circle1
2144,78,False,1912,1,1912_circle40
2145,43,False,1912,1,1912_circle41
2146,24,False,1912,1,1912_circle41
2147,41,False,1912,1,1912_circle20
2148,90,False,1912,1,1912_circle38
2149,128,False,1912,1,1912_circle35
2150,192,False,1912,1,1912_circle20
2151,86,False,1912,1,1912_circle38
2152,18,False,1912,1,1912_circle41
2153,139,False,1912,1,1912_circle5
2154,160,False,1912,1,1912_circle20
2155,41,False,1912,1,1912_circle41
2156,27,False,1912,1,1912_circle15
2157,39,False,1912,1,1912_circle1
2158,10,False,1912,1,1912_circle41
2159,48,False,1912,1,1912_circle1
2160,24,False,1912,1,1912_circle41
2161,82,False,1912,1,1912_circle21
2162,15,False,1912,1,1912_circle41
2163,31,False,1912,1,1912_circle7
2164,92,False,1912,1,1912_circle20
2165,128,False,1912,1,1912_circle20
2166,9,False,1912,1,sin_circulo
2167,5,False,1912,1,1912_circle34
2168,3,False,1912,1,1912_circle15
2169,109,False,1912,1,1912_circle36
2170,18,False,1912,1,1912_circle27
2171,66,False,1912,1,1912_circle1
2172,193,False,1912,1,1912_circle20
2173,30,False,1912,1,1912_circle41
2174,120,False,1912,1,1912_circle10
2175,8,False,1912,1,1912_circle41
2176,117,False,1912,1,1912_circle11
2177,11,False,1912,1,1912_circle21
2178,3,False,1912,1,1912_circle41
2179,94,False,1912,1,1912_circle20
2180,114,False,1912,1,sin_circulo
2181,17,False,1912,1,1912_circle41
2182,8,False,1912,1,1912_circle17
2183,134,False,1912,1,1912_circle0
2184,186,False,1912,1,1912_circle20
2185,17,False,1912,1,1912_circle4
2186,18,False,1912,1,1912_circle11
2187,148,False,1912,1,1912_circle38
2188,194,False,1912,1,1912_circle20
2189,113,False,1912,1,1912_circle20
2190,168,False,1912,1,1912_circle20
2191,88,False,1912,1,1912_circle5
2192,41,False,1912,1,1912_circle1
2193,14,False,1912,1,1912_circle41
2194,109,False,1912,1,1912_circle38
2195,1,False,1912,1,sin_circulo
2196,110,False,1912,1,1912_circle38
2197,22,False,1912,1,1912_circle41
2198,55,False,1912,1,sin_circulo
2199,175,False,1912,1,1912_circle21
2200,173,False,1912,1,1912_circle20
2201,190,False,1912,1,1912_circle20
2202,49,False,1912,1,sin_circulo
2203,100,False,1912,1,1912_circle38
2204,4,False,1912,1,1912_circle10
2205,14,False,1912,1,sin_circulo
2206,210,False,1912,1,1912_circle20
2207,22,False,1912,1,sin_circulo
2208,22,False,1912,1,1912_circle45
2209,36,False,1912,1,1912_circle11
2210,98,False,1912,1,1912_circle20
2211,54,False,1912,1,1912_circle11
2212,140,False,1912,1,1912_circle20
2213,103,False,1912,1,sin_circulo
2214,27,False,1912,1,1912_circle36
2215,58,False,1912,1,1912_circle29
2216,133,False,1912,1,1912_circle20
2217,13,False,1912,1,1912_circle4
2218,205,False,1912,1,1912_circle20
2219,5,False,1912,1,1912_circle4
2220,195,False,1912,1,1912_circle20
2221,41,False,1912,1,1912_circle15
2222,46,False,1912,1,1912_circle21
2223,116,False,1912,1,1912_circle38
2224,129,False,1912,1,1912_circle7
2225,42,False,1912,1,1912_circle31
2226,51,False,1912,1,sin_circulo
2227,7,False,1912,1,1912_circle36
2228,32,False,1912,1,1912_circle41
2229,207,False,1912,1,1912_circle20
2230,5,False,1912,1,1912_circle8
2231,36,False,1912,1,1912_circle15
2232,71,False,1912,1,1912_circle15
2233,222,False,1912,1,1912_circle20
2234,29,False,1912,1,1912_circle20
2235,70,False,1912,1,1912_circle21
2236,37,False,1912,1,1912_circle41
2237,124,False,1912,1,1912_circle20
2238,13,False,1912,1,1912_circle41
2239,44,False,1912,1,sin_circulo
2240,201,False,1912,1,1912_circle20
2241,119,False,1912,1,1912_circle10
2242,40,False,1912,1,1912_circle41
2243,59,False,1912,1,1912_circle15
2244,200,False,1912,1,1912_circle20
2245,7,False,1912,1,1912_circle34
2246,95,False,1912,1,1912_circle8
2247,122,False,1912,1,1912_circle8
2248,18,False,1912,1,1912_circle41
2249,19,False,1912,1,1912_circle36
2250,109,False,1912,1,1912_circle38
2251,9,False,1912,1,1912_circle36
2252,10,False,1912,1,1912_circle21
2253,157,False,1912,1,1912_circle20
2254,90,False,1912,1,1912_circle4
2255,10,False,1912,1,1912_circle27
2256,7,False,1912,1,1912_circle36
2257,155,False,1912,1,1912_circle20
2258,49,False,1912,1,1912_circle20
2259,55,False,1912,1,1912_circle27
2260,20,False,1912,1,1912_circle23
2261,129,False,1912,1,1912_circle20
2262,14,False,1912,1,1912_circle20
2263,7,False,1912,1,1912_circle36
2264,75,False,1912,1,sin_circulo
2265,11,False,1912,1,1912_circle36
2266,234,False,1912,1,1912_circle10
2267,83,False,1912,1,1912_circle20
2268,130,False,1912,1,1912_circle1
2269,1,False,1912,1,sin_circulo
2270,15,False,1912,1,1912_circle36
2271,180,False,1912,1,1912_circle20
2272,29,False,1912,1,1912_circle41
2273,91,False,1912,1,1912_circle38
2274,35,False,1912,1,1912_circle21
2275,185,False,1912,1,1912_circle20
2276,154,False,1912,1,1912_circle20
2277,16,False,1912,1,1912_circle41
2278,174,False,1912,1,1912_circle20
2279,129,False,1912,1,1912_circle38
2280,59,False,1912,1,1912_circle21
2281,9,False,1912,1,sin_circulo
2282,154,False,1912,1,1912_circle21
2283,161,False,1912,1,1912_circle8
2284,56,False,1912,1,1912_circle1
2285,55,False,1912,1,sin_circulo
2286,24,False,1912,1,1912_circle41
2287,68,False,1912,1,1912_circle20
2288,21,False,1912,1,1912_circle20
2289,160,False,1912,1,1912_circle38
2290,184,False,1912,1,1912_circle20
2291,17,False,1912,1,1912_circle36
2292,142,False,1912,1,1912_circle33
2293,54,False,1912,1,1912_circle20
2294,122,False,1912,1,1912_circle21
2295,23,False,1912,1,1912_circle7
2296,34,False,1912,1,1912_circle11
2297,38,False,1912,1,1912_circle1
2298,17,False,1912,1,1912_circle7
2299,155,False,1912,1,1912_circle20
2300,122,False,1912,1,1912_circle20
2301,10,False,1912,1,1912_circle21
2302,123,False,1912,1,1912_circle33
2303,29,False,1912,1,sin_circulo
2304,66,False,1912,1,1912_circle8
2305,16,False,1912,1,sin_circulo
2306,113,False,1912,1,1912_circle20
2307,141,False,1912,1,1912_circle20
2308,156,False,1912,1,1912_circle20
2309,199,False,1912,1,1912_circle20
2310,23,False,1912,1,1912_circle11
2311,51,False,1912,1,1912_circle20
2312,16,False,1912,1,1912_circle36
2313,85,False,1912,1,1912_circle41
2314,19,False,1912,1,1912_circle41
2315,73,False,1912,1,1912_circle38
2316,10,False,1912,1,1912_circle15
2317,36,False,1912,1,1912_circle41
2318,37,False,1912,1,1912_circle11
2319,122,False,1912,1,1912_circle38
2320,16,False,1912,1,1912_circle27
2321,7,False,1912,1,1912_circle23
2322,46,False,1912,1,1912_circle41
2323,183,False,1912,1,1912_circle20
2324,197,False,1912,1,1912_circle20
2325,79,False,1912,1,1912_circle11
2326,180,False,1912,1,1912_circle20
2327,125,False,1912,1,1912_circle21
2328,166,False,1912,1,1912_circle15
2329,124,False,1912,1,1912_circle20
2330,48,False,1912,1,sin_circulo
2331,190,False,1912,1,1912_circle41
2332,103,False,1912,1,1912_circle0
2333,160,False,1912,1,1912_circle21
2334,139,False,1912,1,1912_circle20
2335,34,False,1912,1,1912_circle41
2336,150,False,1912,1,1912_circle15
2337,35,False,1912,1,1912_circle1
2338,109,False,1912,1,1912_circle38
2339,182,False,1912,1,1912_circle20
2340,198,False,1912,1,1912_circle20
2341,26,False,1912,1,1912_circle1
2342,28,False,1912,1,1912_circle41
2343,79,False,1912,1,1912_circle38
2344,121,False,1912,1,1912_circle10
2345,52,False,1912,1,1912_circle36
2346,36,False,1912,1,1912_circle1
2347,291,False,1912,1,1912_circle20
2348,151,False,1912,1,1912_circle12
2349,18,False,1912,1,1912_circle27
2350,28,False,1912,1,1912_circle20
2351,110,False,1912,1,1912_circle38
2352,168,False,1912,1,1912_circle20
2353,86,False,1912,1,1912_circle20
2354,177,False,1912,1,1912_circle20
2355,30,False,1912,1,1912_circle36
2356,172,False,1912,1,1912_circle20
2357,13,False,1912,1,1912_circle41
2358,6,False,1912,1,1912_circle8
2359,147,False,1912,1,1912_circle20
2360,12,False,1912,1,1912_circle41
2361,45,False,1912,1,1912_circle41
2362,25,False,1912,1,1912_circle41
2363,167,False,1912,1,1912_circle20
2364,65,False,1912,1,1912_circle1
2365,55,False,1912,1,1912_circle31
2366,36,False,1912,1,1912_circle41
2367,50,False,1912,1,1912_circle38
2368,79,False,1912,1,sin_circulo
2369,197,False,1912,1,1912_circle3
2370,158,False,1912,1,1912_circle20
2371,36,False,1912,1,1912_circle36
2372,105,False,1912,1,1912_circle38
2373,12,False,1912,1,1912_circle41
2374,168,False,1912,1,1912_circle20
2375,6,False,1912,1,1912_circle4
2376,179,False,1912,1,1912_circle20
2377,94,False,1912,1,1912_circle21
2378,50,False,1912,1,1912_circle1
2379,36,False,1912,1,1912_circle41
2380,3,False,1912,1,sin_circulo
2381,176,False,1912,1,1912_circle20
2382,2,False,1912,1,1912_circle10
2383,24,False,1912,1,sin_circulo
2384,188,False,1912,1,1912_circle21
2385,57,False,1912,1,1912_circle29
2386,139,False,1912,1,1912_circle20
2387,50,False,1912,1,1912_circle20
2388,6,False,1912,1,1912_circle41
2389,28,False,1912,1,1912_circle36
2390,49,False,1912,1,1912_circle21
2391,72,False,1912,1,1912_circle20
2392,92,False,1912,1,1912_circle20
2393,32,False,1912,1,1912_circle20
2394,95,False,1912,1,1912_circle21
2395,179,False,1912,1,1912_circle20
2396,69,False,1912,1,1912_circle21
2397,35,False,1912,1,1912_circle41
2398,108,False,1912,1,1912_circle27
2399,77,False,1912,1,1912_circle21
2400,19,False,1912,1,1912_circle36
2401,21,False,1912,1,1912_circle27
2402,15,False,1912,1,1912_circle36
2403,17,False,1912,1,1912_circle41
2404,170,False,1912,1,1912_circle20
2405,20,False,1912,1,1912_circle41
2406,36,False,1912,1,1912_circle41
2407,89,False,1912,1,1912_circle20
2408,153,False,1912,1,1912_circle20
2409,178,False,1912,1,1912_circle20
2410,207,False,1912,1,1912_circle20
2411,32,False,1912,1,1912_circle41
2412,31,False,1912,1,1912_circle41
2413,17,False,1912,1,1912_circle36
2414,183,False,1912,1,1912_circle20
2415,41,False,1912,1,1912_circle21
2416,37,False,1912,1,1912_circle11
2417,70,False,1912,1,sin_circulo
2418,117,False,1912,1,1912_circle20
2419,109,False,1912,1,1912_circle11
2420,81,False,1912,1,1912_circle38
2421,8,False,1912,1,1912_circle10
2422,5,False,1912,1,1912_circle36
2423,165,False,1912,1,1912_circle20
2424,11,False,1912,1,1912_circle15
2425,36,False,1912,1,1912_circle13
2426,18,False,1912,1,1912_circle12
2427,25,False,1912,1,sin_circulo
2428,191,False,1912,1,1912_circle20
2429,86,False,1912,1,sin_circulo
2430,146,False,1912,1,1912_circle20
2431,5,False,1912,1,1912_circle23
2432,28,False,1912,1,1912_circle21
2433,147,False,1912,1,1912_circle20
2434,91,False,1912,1,1912_circle21
2435,27,False,1912,1,sin_circulo
2436,94,False,1912,1,1912_circle33
2437,5,False,1912,1,1912_circle10
2438,68,False,1912,1,1912_circle21
2439,10,False,1912,1,1912_circle4
2440,34,False,1912,1,1912_circle41
2441,4,False,1912,1,1912_circle36
2442,3,False,1912,1,1912_circle20
2443,23,False,1912,1,1912_circle20
2444,16,False,1912,1,1912_circle27
2445,70,False,1912,1,1912_circle36
2446,161,False,1912,1,1912_circle20
2447,49,False,1912,1,1912_circle1
2448,33,False,1912,1,1912_circle36
2449,46,False,1912,1,1912_circle20
2450,12,False,1912,1,1912_circle36
2451,109,False,1912,1,1912_circle21
2452,10,False,1912,1,1912_circle41
2453,14,False,1912,1,1912_circle45
2454,16,False,1912,1,1912_circle36
2455,16,False,1912,1,1912_circle10
2456,8,False,1912,1,1912_circle2
2457,1,False,1912,1,1912_circle32
2458,99,False,1912,1,1912_circle15
2459,46,False,1912,1,1912_circle1
2460,169,False,1912,1,1912_circle20
2461,124,False,1912,1,1912_circle4
2462,96,False,1912,1,1912_circle20
2463,126,False,1912,1,1912_circle33
2464,202,False,1912,1,1912_circle20
2465,60,False,1912,1,1912_circle40
2466,11,False,1912,1,1912_circle27
2467,130,False,1912,1,sin_circulo
2468,177,False,1912,1,1912_circle10
2469,135,False,1912,1,1912_circle20
2470,1,False,1912,1,1912_circle10
2471,132,False,1912,1,1912_circle38
2472,77,False,1912,1,1912_circle1
2473,49,False,1912,1,1912_circle38
2474,26,False,1912,1,1912_circle41
2475,97,False,1912,1,1912_circle38
2476,36,False,1912,1,1912_circle20
2477,113,False,1912,1,1912_circle20
2478,93,False,1912,1,1912_circle20
2479,46,False,1912,1,1912_circle21
2480,27,False,1912,1,1912_circle41
2481,3,False,1912,1,1912_circle34
2482,160,False,1912,1,1912_circle20
2483,3,False,1912,1,1912_circle32
2484,126,False,1912,1,1912_circle20
2485,137,False,1912,1,1912_circle20
2486,18,False,1912,1,1912_circle27
2487,9,False,1912,1,1912_circle34
2488,39,False,1912,1,1912_circle36
2489,108,False,1912,1,1912_circle20
2490,15,False,1912,1,sin_circulo
2491,121,False,1912,1,1912_circle35
2492,178,False,1912,1,1912_circle20
2493,6,False,1912,1,sin_circulo
2494,39,False,1912,1,1912_circle1
2495,145,False,1912,1,1912_circle20
2496,22,False,1912,1,1912_circle38
2497,25,False,1912,1,1912_circle36
2498,94,False,1912,1,1912_circle5
2499,93,False,1912,1,1912_circle20
2500,181,False,1912,1,1912_circle20
2501,76,False,1912,1,1912_circle15
2502,43,False,1912,1,1912_circle7
2503,16,False,1912,1,1912_circle41
2504,151,False,1912,1,1912_circle20
2505,5,False,1912,1,1912_circle45
2506,124,False,1912,1,1912_circle12
2507,201,False,1912,1,1912_circle20
2508,98,False,1912,1,sin_circulo
2509,134,False,1912,1,1912_circle21
2510,138,False,1912,1,sin_circulo
2511,140,False,1912,1,1912_circle21
2512,105,False,1912,1,1912_circle14
2513,15,False,1912,1,1912_circle27
2514,9,False,1912,1,1912_circle36
2515,13,False,1912,1,1912_circle27
2516,88,False,1912,1,1912_circle7
2517,6,False,1912,1,1912_circle36
2518,48,False,1912,1,1912_circle31
2519,35,False,1912,1,1912_circle7
2520,165,False,1912,1,1912_circle20
2521,141,False,1912,1,1912_circle17
2522,14,False,1912,1,sin_circulo
2523,17,False,1912,1,1912_circle9
2524,13,False,1912,1,1912_circle36
2525,35,False,1912,1,1912_circle11
2526,191,False,1912,1,1912_circle20
2527,4,False,1912,1,1912_circle32
2528,7,False,1912,1,1912_circle13
2529,36,False,1912,1,1912_circle36
2530,29,False,1912,1,1912_circle36
2531,23,False,1912,1,1912_circle4
2532,106,False,1912,1,1912_circle20
2533,99,False,1912,1,1912_circle38
2534,18,False,1912,1,1912_circle36
2535,11,False,1912,1,1912_circle34
2536,63,False,1912,1,1912_circle20
2537,95,False,1912,1,1912_circle21
2538,56,False,1912,1,1912_circle1
2539,140,False,1912,1,1912_circle20
2540,31,False,1912,1,1912_circle0
2541,2,False,1912,1,1912_circle10
2542,196,False,1912,1,1912_circle15
2543,294,False,1912,1,1912_circle0
2544,30,False,1912,1,1912_circle33
2545,9,False,1912,1,sin_circulo
2546,144,False,1912,1,1912_circle20
2547,54,False,1912,1,sin_circulo
2548,8,False,1912,1,1912_circle4
2549,161,False,1912,1,1912_circle20
2550,162,False,1912,1,1912_circle20
2551,158,False,1912,1,1912_circle20
2552,112,False,1912,1,sin_circulo
2553,173,False,1912,1,1912_circle20
2554,93,False,1912,1,sin_circulo
2555,135,False,1912,1,1912_circle8
2556,131,False,1912,1,1912_circle20
2557,31,False,1912,1,1912_circle11
2558,22,False,1912,1,1912_circle4
2559,165,False,1912,1,1912_circle20
2560,201,False,1912,1,1912_circle14
2561,155,False,1912,1,1912_circle12
2562,14,False,1912,1,1912_circle41
2563,110,False,1912,1,1912_circle20
2564,188,False,1912,1,1912_circle20
2565,4,False,1912,1,1912_circle15
2566,26,False,1912,1,1912_circle41
2567,116,False,1912,1,1912_circle5
2568,11,False,1912,1,1912_circle21
2569,1,False,1912,1,1912_circle41
2570,21,False,1912,1,1912_circle34
2571,30,False,1912,1,1912_circle1
2572,19,False,1912,1,1912_circle20
2573,152,False,1912,1,1912_circle12
2574,103,False,1912,1,1912_circle20
2575,141,False,1912,1,1912_circle20
2576,45,False,1912,1,1912_circle20
2577,20,False,1912,1,1912_circle15
2578,164,False,1912,1,1912_circle20
2579,116,False,1912,1,1912_circle20
2580,6,False,1912,1,1912_circle41
2581,24,False,1912,1,1912_circle15
2582,101,False,1912,1,1912_circle7
2583,46,False,1912,1,1912_circle1
2584,15,False,1912,1,1912_circle20
2585,40,False,1912,1,1912_circle1
2586,187,False,1912,1,1912_circle20
2587,19,False,1912,1,1912_circle15
2588,91,False,1912,1,1912_circle32
2589,79,False,1912,1,1912_circle38
2590,197,False,1912,1,1912_circle20
2591,96,False,1912,1,1912_circle20
2592,125,False,1912,1,1912_circle38
2593,185,False,1912,1,1912_circle20
2594,94,False,1912,1,1912_circle38
2595,3,False,1912,1,1912_circle32
2596,1,False,1912,1,sin_circulo
2597,105,False,1912,1,1912_circle38
2598,164,False,1912,1,1912_circle15
2599,14,False,1912,1,1912_circle40
2600,182,False,1912,1,1912_circle20
2601,190,False,1912,1,1912_circle20
2602,198,False,1912,1,1912_circle20
2603,68,False,1912,1,1912_circle21
2604,196,False,1912,1,1912_circle20
2605,17,False,1912,1,1912_circle15
2606,75,False,1912,1,1912_circle20
2607,195,False,1912,1,1912_circle20
2608,99,False,1912,1,1912_circle38
2609,49,False,1912,1,1912_circle40
2610,51,False,1912,1,1912_circle11
2611,207,False,1912,1,1912_circle20
2612,28,False,1912,1,1912_circle41
2613,31,False,1912,1,1912_circle20
2614,17,False,1912,1,1912_circle36
2615,185,False,1912,1,1912_circle20
2616,100,False,1912,1,1912_circle38
2617,114,False,1912,1,1912_circle21
2618,23,False,1912,1,1912_circle41
2619,164,False,1912,1,1912_circle20
2620,55,False,1912,1,1912_circle1
2621,6,False,1912,1,1912_circle4
2622,21,False,1912,1,1912_circle27
2623,130,False,1912,1,1912_circle20
2624,188,False,1912,1,1912_circle20
2625,186,False,1912,1,1912_circle20
2626,34,False,1912,1,1912_circle1
2627,41,False,1912,1,1912_circle1
2628,28,False,1912,1,1912_circle36
2629,127,False,1912,1,1912_circle33
2630,173,False,1912,1,1912_circle20
2631,116,False,1912,1,1912_circle20
2632,7,False,1912,1,1912_circle36
2633,41,False,1912,1,1912_circle1
2634,5,False,1912,1,1912_circle41
2635,20,False,1912,1,1912_circle33
2636,38,False,1912,1,1912_circle1
2637,35,False,1912,1,1912_circle41
2638,166,False,1912,1,1912_circle20
2639,37,False,1912,1,1912_circle1
2640,56,False,1912,1,1912_circle1
2641,19,False,1912,1,1912_circle11
2642,127,False,1912,1,1912_circle15
2643,100,False,1912,1,1912_circle7
2644,27,False,1912,1,sin_circulo
2645,54,False,1912,1,1912_circle1
2646,135,False,1912,1,1912_circle20
2647,48,False,1912,1,1912_circle1
2648,48,False,1912,1,1912_circle1
2649,122,False,1912,1,1912_circle7
2650,18,False,1912,1,1912_circle27
2651,7,False,1912,1,1912_circle45
2652,49,False,1912,1,1912_circle21
2653,72,False,1912,1,1912_circle40
2654,151,False,1912,1,1912_circle20
2655,168,False,1912,1,1912_circle20
2656,16,False,1912,1,1912_circle41
2657,52,False,1912,1,1912_circle1
2658,36,False,1912,1,1912_circle1
2659,58,False,1912,1,1912_circle1
2660,38,False,1912,1,1912_circle1
